Date,Site,GPS Start,GPS End,Depth,Gear,Species,Sex,Tag,PCL,FL,TL,FS,Condition
10/18/25,Soldier Key West,N25'35.630 W80'11.139,N25'36.565 W80'11.217,8-12 ft.,Drumline,Ginglymostoma cirratum,F,UM00287,150,170,212,63,Good
10/14/25,Crandon Beach,,,Shore,Rod and Reel,Ginglymostoma cirratum,F,1410251A,69,79,100,,Good
10/5/25,Cape Florida Channel,N25'39.615 W80'09.563,N25'40.051 W80'10.665,13-18 ft.,Drumline,Ginglymostoma cirratum,M,UM00285,161,212,235,59,Good
9/27/25,Sandbar Palace,N25'50.390 W80'05.243,N25'49.508 W80'05.190,60-90 ft.,Drumline,Ginglymostoma cirratum,F,UM00283,171,201,242,73,Good
9/27/25,Sandbar Palace,N25'50.390 W80'05.243,N25'49.508 W80'05.190,60-90 ft.,Drumline,Ginglymostoma cirratum,F,UM00282,180,199,249,79,Good
9/27/25,Sandbar Palace,N25'50.390 W80'05.243,N25'49.508 W80'05.190,60-90 ft.,Drumline,Ginglymostoma cirratum,F,UM00284,185,202,250,72,Good
9/23/25,BNP Green Line,N25'37.304 W80'11.641,N25'38.400 W80'11.779,10-15 ft.,Drumline,Ginglymostoma cirratum,M,UM00281,148,165,206,52,Good
9/20/25,Captain Henry's,N25'43.779 W80'05.213,,65-75 ft.,Drumline,Ginglymostoma cirratum,F,UM00280,143,165,208,55,Good
9/20/25,Captain Henry's,N25'43.768 W80'05.215,N25'42.507 W80'05.179,65-75 ft.,Drumline,Ginglymostoma cirratum,F,UM00279,169,191,239,75,Good
9/18/25,Vizcaya,N25'43.392 W80'11.999,N25'44.334 W80'11.300,8-12 ft.,Drumline,Ginglymostoma cirratum,M,UM00278,73,81,99,23,Good
9/18/25,Vizcaya,N25'43.572 W80'11.878,N25'44.270 W80'11.380,8-12 ft.,Drumline,Ginglymostoma cirratum,M,UM00277,76,92,113,30,Good
9/14/25,Sandbar Palace,N25'49.382 W80'05.209,N25'50.294 W80'05.179,80-85 ft.,Drumline,Ginglymostoma cirratum,F,UM00273,170,185,226,72,Good
9/14/25,Sandbar Palace,N25'49.382 W80'05.209,N25'50.294 W80'05.179,80-85 ft.,Drumline,Ginglymostoma cirratum,F,UM00276,165,187,226,67,Good
9/13/25,Middle Bay,N25'40.160 W80'12.613,N25'39.044 W80'12.904,8-12 ft.,Drumline,Ginglymostoma cirratum,M,UM00272,73,80,97,25,Good
7/26/25,Middle Bay,N25'38.713 W80'13.017,N25'37.359 W80'13.021,12-15 ft.,Drumline,Ginglymostoma cirratum,F,UM00271,146,173,221,59,Good
7/22/25,Vizcaya,N25'44.304 W80'11.390,N25'44.216 W80'11.351,8-12 ft.,Longline,Ginglymostoma cirratum,F,UM00260,70,80,98,26,Good
7/15/25,Vizcaya,N25'44.176 W80'11.598,N25'43.278 W80'12.578,8-10 ft.,Drumline,Ginglymostoma cirratum,F,UM00057,140,159,196,50,Good
7/14/25,Captain Henry's,N25'44.079 W80'05.221,N25'43.224 W80'05.216,70-80 ft.,Drumline,Ginglymostoma cirratum,F,UM00267,93,106,134,33,Good
7/14/25,Captain Henry's,N25'44.079 W80'05.221,N25'43.224 W80'05.216,70-80 ft.,Drumline,Ginglymostoma cirratum,M,UM00270,175,193,241,60,Good
7/14/25,Captain Henry's,N25'44.079 W80'05.221,N25'43.224 W80'05.216,70-80 ft.,Drumline,Ginglymostoma cirratum,M,UM00268,175,195,244,60,Good
7/14/25,Captain Henry's,N25'44.079 W80'05.221,N25'43.224 W80'05.216,70-80 ft.,Drumline,Ginglymostoma cirratum,M,UM00269,183,202,256,69,Good 
7/10/25,Matheson,N25'40.148 W80'14.565,N25'40.090 W80'14.647,8-12 ft.,Longline,Ginglymostoma cirratum,F,FS1470,49,56,67,19,Good
7/9/25,Cape Florida Channel,N25'39.242 W80'08.753,N25'39.853' W80'09.930,12-18 ft.,Drumline,Ginglymostoma cirratum,M,UM00265,126,147,182,51,Good
7/9/25,Cape Florida Channel,N25'39.242 W80'08.753,N25'39.853' W80'09.930,12-18 ft.,Drumline,Ginglymostoma cirratum,M,UM00205,140,160,199,55,Good
7/9/25,Cape Florida Channel,N25'39.242 W80'08.753,N25'39.853' W80'09.930,12-18 ft.,Drumline,Ginglymostoma cirratum,M,UM00266,144,168,213,56,Good
7/6/25,Vizcaya,N25'43.692 W80'11.868,N25'43.605 W80'11.937,9-12 ft.,Longline,Ginglymostoma cirratum,M,FS1464,47,54,67,17,Good
7/6/25,Vizcaya,N25'43.484 W80'12.209,N25'43.372 W80'12.251,9-12 ft.,Longline,Ginglymostoma cirratum,M,FS1465,48,57,69,19,Good
7/5/25,Vizcaya,N25'43.746 W80'11.950,N25'43.654 W80'12.011,10-12 ft.,Longline,Ginglymostoma cirratum,M,FS1456,56,65,79,20,Good
7/5/25,Vizcaya,N25'43.746 W80'11.950,N25'43.654 W80'12.011,10-12 ft.,Longline,Ginglymostoma cirratum,F,FS1455,75,90,107,28,Good
7/5/25,Vizcaya,N25'43.557 W80'11.972,N25'43.487 W80'12.046,10-12 ft.,Longline,Ginglymostoma cirratum,F,UM00057,127,155,198,51,Good
7/2/25,Middle Bay,N25'39.404 W80'12.847,,10-13 ft.,Drumline,Ginglymostoma cirratum,M,UM00264,169,189,242,69,Good
6/29/25,Aisle 9,N25'40.676 W80'11.022,N25'40.775 W80'11.038,9-12 ft.,Longline,Ginglymostoma cirratum,M,FS1440,70,79,97,25,Good
6/29/25,Aisle 9,N25'40.885 W80'11.494,N25'40.967 W80'11.563,9-12 ft.,Longline,Ginglymostoma cirratum,F,UM00263,87,102,123,32,Good
6/28/25,Cape Florida Channel,N25'39.707 W80'09.569,,8-16 ft. ,Drumline,Ginglymostoma cirratum,M,UM00262,174,191,237,65,Good
6/27/25,Deering Estate,N25'37.661 W80'15.046,N25'37.164 W80'14.121,10-15 ft.,Drumline,Ginglymostoma cirratum,F,UM00151,170,186,230,66,Good
6/25/25,Middle Bay,N25'39.102 W80'12.951,N25'38.032 W80'12.965,12-15 ft.,Drumline,Ginglymostoma cirratum,M,UM00261,175,196,245,65,Good
6/24/25,Vizcaya,N25'44.171 W80'11.511,N25'43.196 W80'12.292,8-12 ft.,Drumline,Ginglymostoma cirratum,F,UM00260,68,77,95,25,Good
6/24/25,Vizcaya,N25'44.171 W80'11.511,N25'43.196 W80'12.292,8-12 ft.,Drumline,Ginglymostoma cirratum,F,UM00258,136,155,193,51,Fair
6/24/25,Vizcaya,N25'44.171 W80'11.511,N25'43.196 W80'12.292,8-12 ft.,Drumline,Ginglymostoma cirratum,M,UM00259,160,181,228,66,Good
6/23/25,Bear Cut Channel,N25'43.680 W80'10.225,N25'43.792 W80'09.632,10-15 ft.,Drumline,Ginglymostoma cirratum,F,FS0591,95,100,130,32,Good
6/20/25,Aisle 9,N25'40.814 W80'11.084,N25'40.723 W80'11.144,8-12 ft.,Longline,Ginglymostoma cirratum,M,UM00181,175,193,243,63,Good
6/13/25,Middle Bay,N25'39.859 W80'12.605,N25'38.572 W80'12.659,10-15 ft.,Drumline,Ginglymostoma cirratum,M,UM00257,179,203,255,75,Good
6/9/25,Cape Florida Channel,N25'29.390 W80'09.290,N25'40.131 W80'10.328,12-18 ft.,Drumline,Ginglymostoma cirratum,F,UM00255,140,155,195,61,Good
6/9/25,Cape Florida Channel,N25'29.390 W80'09.290,N25'40.131 W80'10.328,12-18 ft.,Drumline,Ginglymostoma cirratum,M,UM00256,136,154,199,54,Fair
6/8/25,Captain Henry's,N25'44.061 W80'05.200,N25'43.198 W80'05.200,70-85 ft.,Drumline,Ginglymostoma cirratum,M,UM00253,176,204,247,62,Good
6/6/25,Bear Cut Channel,N25'43.796 W80'09.626,N25'43.678 W80'10.282,8-15 ft.,Drumline,Ginglymostoma cirratum,F,FS0849,85,97,120,33,Good
6/6/25,Bear Cut Channel,N25'43.796 W80'09.626,N25'43.678 W80'10.282,8-15 ft.,Drumline,Ginglymostoma cirratum,M,UM00252,170,193,246,70,Good
6/6/25,Bear Cut Channel,N25'43.796 W80'09.626,N25'43.678 W80'10.282,8-15 ft.,Drumline,Ginglymostoma cirratum,M,UM00251,180,204,256,64,Good
6/2/25,Sandbar Palace,N25'49.584 W80'05.186,N25'48.876 W80'05.179,75-90 ft.,Drumline,Ginglymostoma cirratum,M,UM00248,173,193,241,69,Good
6/2/25,Sandbar Palace,N25'49.790 W80'05.186,N25'48.876 W80'05.179,75-90 ft.,Drumline,Ginglymostoma cirratum,F,UM00250,180,197,245,76,Good
5/30/25,Cape Florida Channel,N25'39.477 W80'09.372,N25'39.995 W80'10.068,12-18 ft.,Drumline,Ginglymostoma cirratum,M,UM00237,115,134,169,44,Good
5/24/25,Deering Estate,N25'38.080 W80'15.027,N25'38.016 W80'14.941,7-9 ft.,Longline,Ginglymostoma cirratum,F,UM00264,142,160,201,49,Good
5/23/25,Sandbar Palace,N25'49.343 W80'05.201,,80-90 ft.,Drumline,Ginglymostoma cirratum,M,UM00247,142,161,204,57,Good
5/23/25,Sandbar Palace,N25'49.343 W80'05.201,N25'48.467 W80'05.124,80-90 ft.,Drumline,Ginglymostoma cirratum,F,UM00245,150,174,218,60,Good
5/23/25,Sandbar Palace,N25'49.343 W80'05.201,N25'48.467 W80'05.124,80-90 ft.,Drumline,Ginglymostoma cirratum,M,UM00246,172,194,246,63,Good
5/23/25,Sandbar Palace,N25'49.343 W80'05.201,N25'48.550 W80'05.140,80-90 ft.,Drumline,Ginglymostoma cirratum,M,UM00249,192,217,263,76,Good
5/22/25,RJ's Ledge,N25'42.572 W80'06.115,,20-28 ft.,Drumline,Ginglymostoma cirratum,M,UM00243,166,188,236,64,Good
5/18/25,Middle Bay,N25'40.203 W80'12.445,N25'39.192 W80'12.810,10-13 ft.,Drumline,Ginglymostoma cirratum,F,UM00242,174,195,241,76,Good
5/16/25,Tigertail ,,,17-24 ft.,Longline,Ginglymostoma cirratum,F,UM00240,161,180,225,64,Good
5/16/25,Tigertail ,N25'41.385 W80'06.824,N25'41.409 W80'06.707,17-24 ft.,Longline,Ginglymostoma cirratum,F,UM00239,180,204,253,68,Good
5/16/25,Tigertail ,,,17-24 ft.,Longline,Ginglymostoma cirratum,M,UM00241,180,209,254,75,Good
5/15/25,Sandbar Palace,N25'48.727 W80'05.160,N25'49.395 W80'05.221,70-90 ft.,Drumline,Ginglymostoma cirratum,M,UM00235,139,161,201,53,Good
5/15/25,Sandbar Palace,N25'48.727 W80'05.160,N25'49.999 W80'05.202,70-90 ft.,Drumline,Ginglymostoma cirratum,F,FS0594,160,179,223,57,Good
5/15/25,Sandbar Palace,N25'48.727 W80'05.160,N25'49.395 W80'05.221,70-90 ft.,Drumline,Ginglymostoma cirratum,F,UM00238,159,181,228,64,Good
5/15/25,Sandbar Palace,N25'48.727 W80'05.160,N25'49.395 W80'05.221,70-90 ft.,Drumline,Ginglymostoma cirratum,M,UM00236,160,194,235,59,Good
5/15/25,Sandbar Palace,N25'48.727 W80'05.160,N25'49.999 W80'05.202,70-90 ft.,Drumline,Ginglymostoma cirratum,F,UM00231,169,192,237,68,Good
5/15/25,Sandbar Palace,N25'48.727 W80'05.160,N25'49.999 W80'05.202,70-90 ft.,Drumline,Ginglymostoma cirratum,M,UM00232,163,185,240,70,Good
5/15/25,Sandbar Palace,N25'48.727 W80'05.160,N25'49.395 W80'05.221,70-90 ft.,Drumline,Ginglymostoma cirratum,M,UM00234,171,191,244,63,Good
5/15/25,Sandbar Palace,N25'48.727 W80'05.160,N25'49.999 W80'05.202,70-90 ft.,Drumline,Ginglymostoma cirratum,M,UM00233,180,200,246,75,Good
5/10/25,Aisle 9,N25'40.604 W80'11.117,N25'40.514 W80'11.106,8-12 ft.,Longline,Ginglymostoma cirratum,M,FS1370,73,84,102,28,Good-Fair
5/10/25,Aisle 9,N25'40.808 W80'11.077,N25'40.699 W80'11.106,8-12 ft.,Longline,Ginglymostoma cirratum,M,UM00227,72,84,104,24,Fair
5/10/25,Aisle 9,N25'40.372 W80'11.325,N25'40.435 W80'11.131,8-12 ft.,Drumline,Ginglymostoma cirratum,F,UM00228,137,156,199,60,Good
5/9/25,Cape Florida Channel,N25'39.700 W80'09.594,N25'40.181 W80'10.514,12-18 ft.,Drumline,Ginglymostoma cirratum,F,UM00229,139,161,202,56,Good
5/8/25,Middle Bay,N25'39.718 W80''12.531,N25'38.911 W80'12.663,10-12 ft.,Drumline,Ginglymostoma cirratum,F,UM00226,72,85,105,26,Fair
5/6/25,Vizcaya,N25'44.065 W80'11.665,N25'43.270 W80'12.250,8-12 ft.,Drumline,Ginglymostoma cirratum,M,UM00225,178,200,244,80,Good
5/4/25,Aisle 9,N25'40.564 W80'11.305,N25'40.472 W80'11.348,8-12 ft.,Longline,Ginglymostoma cirratum,F,UM00224,96,112,139,36,Good
4/30/25,Aisle 9,N25'40.775 W80'11.193,N25'40.746 W80'11.093,10-12 ft.,Longline,Ginglymostoma cirratum,M,FS1370,71,82,102,27,Good
4/29/25,Cape Florida Channel,N25'40.056 W80'10.316,N25'40.123 W80'10.395,10-15 ft.,Longline,Ginglymostoma cirratum,F,FS1364,79,89,111,27,Good
4/27/25,Cape Florida Channel,N25'39.498 W80'09.411,N25'40.181 W80'10.368,8-16 ft. ,Drumline,Ginglymostoma cirratum,M,UM00223,110,119,150,41,Good
4/27/25,Cape Florida Channel,N25'39.633 W80'09.552,N25'40.139 W80'10.423,8-16 ft. ,Drumline,Ginglymostoma cirratum,F,UM00230,190,209,258,83,Good
4/27/25,Cape Florida Channel,N25'39.633 W80'09.552,N25'40.139 W80'10.423,8-16 ft. ,Drumline,Ginglymostoma cirratum,F,UM00222,192,216,262,80,Good
4/18/25,Matheson,N25'39.511 W80'14.941,N25'39.624 W80'13.981,11-14 ft.,Drumline,Ginglymostoma cirratum,M,UM00220,171,196,239,66,Good
4/18/25,Matheson,N25'39.511 W80'14.941,N25'39.624 W80'13.981,11-14 ft.,Drumline,Ginglymostoma cirratum,M,UM00219,173,194,242,79,Good
4/13/25,Cape Florida Channel,N25'39.371 W80'09.241,N25'40.142 W80'10.417,12-16 ft.,Drumline,Ginglymostoma cirratum,M,UM00218,158,174,222,67,Good
4/13/25,Cape Florida Channel,N25'39.371 W80'09.241,N25'40.142 W80'10.417,12-16 ft.,Drumline,Ginglymostoma cirratum,F,UM00135,181,205,251,79,Good
4/12/25,Deering Estate,N25'37.983 W80'15.425,N25'38.475 W80'15.202,12 ft.,Drumline,Ginglymostoma cirratum,M,UM00217,187,209,266,76,Good
4/3/25,Lemon Drop,N25'43.916 W80'10.887,N25'42.941 W80'10.632,8-12 ft.,Drumline,Ginglymostoma cirratum,F,UM00216,80,93,115,30,Good
3/23/25,Captain Henry's,N25'44.174 W80'05.211,N25'43.257 W80'05.200,80-95 ft.,Drumline,Ginglymostoma cirratum,F,RJD1204,163,181,227,68,Good
3/23/25,Captain Henry's,N25'44.174 W80'05.211,N25'43.257 W80'05.200,80-95 ft.,Drumline,Ginglymostoma cirratum,M,UM00215,172,201,251,71,Good
3/23/25,Captain Henry's,N25'44.174 W80'05.211,N25'43.257 W80'05.200,80-95 ft.,Drumline,Ginglymostoma cirratum,M,UM00214,185,210,260,73,Good
3/20/25,Middle Bay,N25'38.921 W80'12.722,N25'38.643 W80'12.716,8-12 ft.,Drumline,Ginglymostoma cirratum,M,UM00213,169,199,242,65,Good
3/9/25,Deering Estate,N25'38.539 W80'15.182,N25'37.739 W80'15.008,8-10 ft.,Drumline,Ginglymostoma cirratum,F,UM00212,120,138,171,39,Good-Fair
3/9/25,Deering Estate,N25'38.539 W80'15.182,N25'37.739 W80'15.008,8-10 ft.,Drumline,Ginglymostoma cirratum,M,409208,158,180,227,60,Good
3/8/25,Middle Bay,N25'39.995 W80'12.481,N25'39.099 W80'12.570,8-12 ft.,Drumline,Ginglymostoma cirratum,F,UM00211,172,190,239,76,Good
3/4/25,Bear Cut Channel,N25'42.820 W80'10.467,N25'43.768 W80'09.640,8-16 ft. ,Drumline,Ginglymostoma cirratum,F,UM00210,140,163,199,60,Good
2/28/25,Cape Florida Channel,N25'39.166 W80'08.674,N25'39.885 W80'09.584,8-15 ft.,Drumline,Ginglymostoma cirratum,F,UM00209,170,187,238,69,Good
2/28/25,Cape Florida Channel,N25'39.166 W80'08.674,N25'39.885 W80'09.584,8-15 ft.,Drumline,Ginglymostoma cirratum,M,409220,182,201,250,68,Good
2/27/25,Sandbar Palace,N25'49.702 W80'05.224,N25'48.742 W80'05.121,75-85 ft.,Drumline,Ginglymostoma cirratum,M,UM00208,181,200,251,79,Good
2/27/25,Sandbar Palace,N25'49.702 W80'05.224,N25'48.384 W80'05.159,75-85 ft.,Drumline,Ginglymostoma cirratum,F,UM00207,180,202,253,64,Good
2/27/25,Sandbar Palace,N25'49.702 W80'05.224,N25'48.384 W80'05.159,75-85 ft.,Drumline,Ginglymostoma cirratum,M,UM00206,180,207,258,70,Good
2/25/25,Stiltsville Channel ,N25'39.229 W80'10.289,N25'39.160 W80'08.809,11-18 ft. ,Drumline,Ginglymostoma cirratum,M,UM00205,144,160,200,55,Good
2/16/25,Bear Cut Channel,N25'42.840 W80'09.656,N25'42.812 W80'10.366,13-18 ft.,Drumline,Ginglymostoma cirratum,F,FS1301,67,77,92,24,Good
2/16/25,Bear Cut Channel,N25'42.840 W80'09.656,N25'42.812 W80'10.366,13-18 ft.,Drumline,Ginglymostoma cirratum,F,UM00056,145,166,211,62,Good
2/13/25,Bear Cut Channel,N25'43.388 W80'10.027,N25'43.364 W80'09.952,8-10 ft.,Longline,Ginglymostoma cirratum,F,UM00061,115,128,166,44,Good
2/3/25,Middle Bay,N25'39.588 W80'12.487,N25'38.274 W80'12.906,10-12 ft.,Drumline,Ginglymostoma cirratum,M,FS1287,81,91,101,30,Good
2/1/25,Captain Henry's,N25'44.112 W80'05.196,N25'43.090 W80'05.275,65-85 ft.,Drumline,Ginglymostoma cirratum,M,UM00203,171,202,238,68,Good
2/1/25,Captain Henry's,N25'44.112 W80'05.196,N25'43.090 W80'05.275,65-85 ft.,Drumline,Ginglymostoma cirratum,M,UM00201,189,206,249,74,Good
2/1/25,Captain Henry's,N25'44.112 W80'05.196,N25'43.090 W80'05.275,65-85 ft.,Drumline,Ginglymostoma cirratum,M,UM00202,172,195,249,72,Good
2/1/25,Captain Henry's,N25'44.112 W80'05.196,N25'43.090 W80'05.275,65-85 ft.,Drumline,Ginglymostoma cirratum,F,UM00119,179,200,252,76,Good
1/19/25,Matheson,N25'39.833 W80'15.317,N25'39.731 W80'15.351,7-9 ft.,Longline,Ginglymostoma cirratum,F,UM00118,84,93,114,32,Good
1/16/25,South Greenline,N25'38.533 W80'11.784,N25'37.215 W80'11.758,8-12 ft.,Drumline,Ginglymostoma cirratum,F,UM00199,170,202,251,69,Good
12/14/24,Cape Florida Channel,N25'39.771 W80'09.671,N25'40.197 W80'10.650,6-20 ft.,Drumline,Ginglymostoma cirratum,M,UM00117,113,125,159,41,Good
12/14/24,Cape Florida Channel,N25'39.771 W80'09.671,N25'40.197 W80'10.650,6-20 ft.,Drumline,Ginglymostoma cirratum,F,FS1291,144,167,210,53,Good
12/6/24,Captain Henry's,N25'44.057 W80'05.191,N25'43.215 W80'05.213,80-90 ft.,Drumline,Ginglymostoma cirratum,M,UM00114,171,192,235,59,Good
12/6/24,Captain Henry's,N25'44.057 W80'05.191,N25'42.993 W80'05.254,80-90 ft.,Drumline,Ginglymostoma cirratum,F,UM00110,165,192,237,62,Good
12/6/24,Captain Henry's,N25'44.057 W80'05.191,N25'43.215 W80'05.213,80-90 ft.,Drumline,Ginglymostoma cirratum,F,UM00115,170,190,237,77,Good
12/6/24,Captain Henry's,N25'44.057 W80'05.191,N25'43.215 W80'05.213,80-90 ft.,Drumline,Ginglymostoma cirratum,F,UM00111,181,201,248,64,Good
12/4/24,Cape Florida Channel,N25'40.287 W80'10.785,N25'40.093 W80'09.729,10-15 ft.,Drumline,Ginglymostoma cirratum,M,FS1273,150,167,209,59,Good
12/4/24,Cape Florida Channel,N25'40.287 W80'10.785,N25'40.093 W80'09.729,10-15 ft.,Drumline,Ginglymostoma cirratum,M,426005,177,196,241,74,Good
11/24/24,Matheson,N25'41.184 W80'13.991,N25'41.284 W80'13.956,10-13 ft.,Longline,Ginglymostoma cirratum,M,FS1270,60,71,85,27,Good
11/20/24,Cape Florida Channel,N25'40.187 W80'10.524,N25'39.773 W80'09.571,8-16 ft. ,Drumline,Ginglymostoma cirratum,F,419248,171,192,239,68,Good
11/20/24,Cape Florida Channel,N25'40.187 W80'10.524,N25'39.773 W80'09.571,8-16 ft. ,Drumline,Ginglymostoma cirratum,F,419247,179,201,248,70,Good
11/14/24,Matheson,N25'41.699 W80'13.746,N25'40.633 W80'14.275,8-12 ft.,Drumline,Ginglymostoma cirratum,F,FS1263,169,191,235,78,Good
11/14/24,Matheson,N25'41.699 W80'13.746,N25'40.633 W80'14.275,8-12 ft.,Drumline,Ginglymostoma cirratum,F,FS1266,182,211,248,84,Good
11/14/24,Soldier Key West,N25'57.943 W80'19.243,,10 ft.,Drumline,Ginglymostoma cirratum,F,UM00086,137,152,192,55,Good
11/14/24,Soldier Key West,N25'59.95 W80'18.521,N25'58.156 W80'19.290,10 ft.,Drumline,Ginglymostoma cirratum,M,AY0401,138,156,196,47,Good
11/14/24,Soldier Key West,N25'59.95 W80'18.521,N25'58.156 W80'19.290,10 ft.,Drumline,Ginglymostoma cirratum,M,AY0403,136,155,199,56,Good
11/14/24,Soldier Key West,N25'59.95 W80'18.521,N25'58.156 W80'19.290,10 ft.,Drumline,Ginglymostoma cirratum,F,426014,150,170,210,56,Good
11/14/24,Soldier Key West,N25'59.95 W80'18.521,N25'58.156 W80'19.290,10 ft.,Drumline,Ginglymostoma cirratum,F,AY0402,145,165,210,58,Good
11/14/24,Soldier Key West,N25'59.95 W80'18.521,N25'58.156 W80'19.290,10 ft.,Drumline,Ginglymostoma cirratum,F,426012,170,190,236,74,Good
11/14/24,Soldier Key West,N25'59.95 W80'18.521,N25'58.156 W80'19.290,10 ft.,Drumline,Ginglymostoma cirratum,F,426011,178,197,247,63,Good
11/9/24,BNP Green Line,N25'39.073 W80'11.509,N25'38.017 W80'11.870,10-15 ft.,Drumline,Ginglymostoma cirratum,F,FS1257,163,187,231,72,Good
11/9/24,BNP Green Line,N25'39.073 W80'11.509,N25'38.017 W80'11.870,10-15 ft.,Drumline,Ginglymostoma cirratum,F,FS1256,176,196,244,68,Good
11/9/24,BNP Green Line,N25'39.073 W80'11.509,N25'38.017 W80'11.870,10-15 ft.,Drumline,Ginglymostoma cirratum,F,FS1258,181,207,256,73,Good
11/3/24,Lemon Drop/Bear Cut,N25'43.572 W80'10.742,N25'43.606 W80'10.640,10-15 ft.,Longline,Ginglymostoma cirratum,M,FS1254,59,68,81,24,Good
11/2/24,Middle Bay,N25'39.150 W80'12.803,N25'39.246 W80'12.777,13-15 ft.,Longline,Ginglymostoma cirratum,M,FS1250,119,137,172,49,Good
11/1/24,Bear Cut Channel,N25'42.802 W80'10.674,N25'43.674 W80'09.693,10-20 ft.,Drumline,Ginglymostoma cirratum,M,FS1248,72,82,101,26,Good
11/1/24,Bear Cut Channel,N25'42.802 W80'10.674,N25'43.674 W80'09.693,10-20 ft.,Drumline,Ginglymostoma cirratum,F,419222,159,167,228,67,Good
11/1/24,Bear Cut Channel,N25'42.802 W80'10.674,N25'43.674 W80'09.693,10-20 ft.,Drumline,Ginglymostoma cirratum,F,419223,174,196,243,66,Good
10/26/24,Deering Estate,N25'37.628 W80'15.271,N25'37.630 W80'15.163,9-13 ft.,Longline,Ginglymostoma cirratum,F,FS1175,72,83,102,27,Good
10/25/24,BNP Green Line,N25'39.361 W80'11.343,N25'38.170 W80'11.780,10-15 ft.,Drumline,Ginglymostoma cirratum,F,FS1262,174,196,247,68,Good
10/20/24,Cape Florida Channel,N25'40.298 W80'10.800,N25'40.066 W80'09.978,12-18 ft.,Drumline,Ginglymostoma cirratum,F,FS1244,172,193,233,65,Good
10/20/24,Cape Florida Channel,N25'40.039 W80'09.946,,12-18 ft.,Drumline,Ginglymostoma cirratum,F,FS1242,177,195,245,69,Good
10/20/24,Cape Florida Channel,N25'40.298 W80'10.800,N25'40.066 W80'09.978,12-18 ft.,Drumline,Ginglymostoma cirratum,F,FS1252,184,211,259,77,Good
9/22/24,Solider Key Oceanside,N25'35.740 W80'08.997,N25'34.799 W80'09.187,10-15 ft. ,Drumline,Ginglymostoma cirratum,F,FS1230,141,158,201,54,Good
9/21/24,Captain Henry's,N25'43.870 80'05.212,25'42.861 80'05.201,70-90 ft.,Drumline,Ginglymostoma cirratum,F,UM00200,150,170,220,60,Good
9/21/24,Captain Henry's,N25'43.870 80'05.212,25'42.861 80'05.201,70-90 ft.,Drumline,Ginglymostoma cirratum,F,FS1229,166,184,231,66,Good
9/21/24,Captain Henry's,N25'43.870 80'05.212,25'42.861 80'05.201,70-90 ft.,Drumline,Ginglymostoma cirratum,F,UM00198,163,186,236,66,Good
9/20/24,BNP Green Line,N25'38.066 80'12.458,25'38.758 W80'11.776,13-16 ft.,Drumline,Ginglymostoma cirratum,F,UM00150,116,126,161,47,Good
9/12/24,Tiger Tail,N25'42.851 W80'07.106,N25'42.422 W80'06.520,18-25 ft.,Drumline,Ginglymostoma cirratum,F,UM00097,157,173,218,64,Good
9/4/24,Rookery Island,N25'72.393 W80'11.047,,3-5 ft.,Rod and Reel,Ginglymostoma cirratum,F,FS1186,74,86,104,29,Good
9/4/24,Rookery Island,N25'72.393 W80'11.047,,3-5 ft.,Rod and Reel,Ginglymostoma cirratum,F,FS1184,86,100,121,30,Good
8/29/24,Cape Florida Channel,N25'39.815 W80'09.584,N25'40.124 W80'10.457,10-15 ft.,Drumline,Ginglymostoma cirratum,M,UM00096,120,131,164,43,Good
8/29/24,Cape Florida Channel,N25'39.815 W80'09.584,N25'40.124 W80'10.457,10-15 ft.,Drumline,Ginglymostoma cirratum,M,UM00095,124,139,176,47,Good
8/29/24,Cape Florida Channel,N25'39.815 W80'09.584,N25'40.124 W80'10.457,10-15 ft.,Drumline,Ginglymostoma cirratum,M,UM00094,130,153,188,48,Good
7/20/24,Middle Bay,N25'40.568 W80'12.199,N25'39.621 W80'12.547,9-12 ft. ,Drumline,Ginglymostoma cirratum,M,409225,150,174,222,55,Good
7/18/24,Lemon Drop,N25'43.916 W80'10.794,N25'43.182 W80'10.716,8-10 ft.,Drumline,Ginglymostoma cirratum,F,UM00197,87,97,108,34,Good-Fair
7/17/24,Middle Bay,N25'39.726 W80'12.385,N25'38.543 W80'12.598,10-12 ft.,Drumline,Ginglymostoma cirratum,F,UM00092,149,170,216,56,Good
7/16/24,Deering Estate,N25'38.411 W80'14.957,N25'37.723 W80'15.327,8-10 ft.,Drumline,Ginglymostoma cirratum,F,UM00091,80,89,106,32,Good
7/11/24,Sandbar Palace,N25'49.693 W80'05.197,N25'49.015 W80'05.180,75-90 ft.,Drumline,Ginglymostoma cirratum,M,UM00195,163,180,222,61,Good
7/11/24,Sandbar Palace,N25'49.693 W80'05.197,N25'48.795 W80'05.165,75-90 ft.,Drumline,Ginglymostoma cirratum,F,UM00158,176,192,237,69,Good
7/11/24,Sandbar Palace,N25'49.693 W80'05.197,N25'48.795 W80'05.165,75-90 ft.,Drumline,Ginglymostoma cirratum,M,UM00191,189,209,262,71,Good
7/8/24,Lemon Drop,N25'43.874 W80'10.816,N25'42.934 W80'10.697,9-12 ft.,Drumline,Ginglymostoma cirratum,M,FS1201,65,74,89,25,Good
7/8/24,Lemon Drop,N25'43.874 W80'10.816,N25'42.934 W80'10.697,9-12 ft.,Drumline,Ginglymostoma cirratum,M,FS1174,70,79,97,27,Good
7/8/24,Lemon Drop,N25'43.874 W80'10.816,N25'42.934 W80'10.697,9-12 ft.,Drumline,Ginglymostoma cirratum,M,375090,168,188,239,73,Good
7/8/24,Lemon Drop,N25'43.874 W80'10.816,N25'43.242 W80'10.793,9-12 ft.,Drumline,Ginglymostoma cirratum,M,UM00193,170,198,246,67,Good
7/7/24,Bear Cut Channel,N25'42.838 W80'10.413,N25'43.702 W80'09.652,7-18 ft.,Drumline,Ginglymostoma cirratum,M,FS1172,56,65,76,21,Good-Fair
7/6/24,Captain Henry's,N25'44.155 W80'05.205,N25'42.641 W80'05.238,70-85 ft.,Drumline,Ginglymostoma cirratum,M,UM00189,162,183,234,61,Good
7/6/24,Captain Henry's,N25'44.155 W80'05.205,N25'42.641 W80'05.238,70-85 ft.,Drumline,Ginglymostoma cirratum,M,UM00185,174,192,240,70,Good
7/6/24,Captain Henry's,N25'44.155 W80'05.205,N25'43.446 W80'05.305,70-85 ft.,Drumline,Ginglymostoma cirratum,M,UM00190,182,198,247,69,Good
6/28/24,RJ's Ledge,N25'43.311 W80'06.409,N25'42.138 W80'06.469,18-27 ft. ,Drumline,Ginglymostoma cirratum,M,UM00194,164,178,225,59,Good
6/27/24,Aisle 9,N25'40.740 W80'11.155,N25'40.643 W80'11.165,10-12 ft.,Longline,Ginglymostoma cirratum,M,UM00186,182,203,255,70,Good
6/26/24,Captain Henry's,N25'44.267 W80'05.178,N25'42.966 W80'05.155,80-90 ft.,Drumline,Ginglymostoma cirratum,F,UM00187,100,120,148,35,Good
6/26/24,Captain Henry's,N25'44.267 W80'05.178,N25'43.206 W80'05.132,80-90 ft.,Drumline,Ginglymostoma cirratum,F,UM00184,142,158,196,65,Good
6/26/24,Captain Henry's,N25'44.267 W80'05.178,N25'42.481 W80'05.152,80-90 ft.,Drumline,Ginglymostoma cirratum,M,UM00183,137,155,197,50,Good
6/26/24,Captain Henry's,N25'44.267 W80'05.178,N25'43.206 W80'05.132,80-90 ft.,Drumline,Ginglymostoma cirratum,M,UM00188,173,195,242,62,Good
6/25/24,RJ's Ledge,N25'43.148 W80'06.768,N25'43.543 W80'06.734,24-29 ft.,Longline,Ginglymostoma cirratum,M,UM00182,180,202,250,67,Good
6/24/24,Deering Estate,N25'37.047 W80'15.605,N25'38.026 W80'15.218,8-12 ft. ,Drumline,Ginglymostoma cirratum,M,UM00181,174,191,238,62,Good-Fair
6/24/24,Deering Estate,N25'37.047 W80'15.605,N25'38.026 W80'15.218,8-12 ft. ,Drumline,Ginglymostoma cirratum,M,RJD1838,170,192,243,66,Good
6/23/24,Bear Cut Channel,N25'42.834 W80'10.411,N25'43.734 W80'09.677,7-18 ft.,Drumline,Ginglymostoma cirratum,F,UM00180,71,80,99,27,Fair
6/21/24,Bear Cut Channel,N25'43.769 W80'09.653,N25'42.823 W80'10.495,7-16 ft. ,Drumline,Ginglymostoma cirratum,M,UM00179,73,82,102,28,Good
6/21/24,Bear Cut Channel,N25'43.730 W80'09.672,N25'42.863 W80'10.410,7-16 ft. ,Drumline,Ginglymostoma cirratum,M,FS0507,74,86,105,30,Good
6/19/24,Cape Florida Channel,N25'39.896 W80'09.652 ,N25'40.115 W80'10.458,8-16 ft. ,Drumline,Ginglymostoma cirratum,M,UM00173,102,113,141,34,Good
6/19/24,Cape Florida Channel,N25'39.896 W80'09.652 ,N25'40.115 W80'10.458,8-16 ft. ,Drumline,Ginglymostoma cirratum,F,UM00178,146,159,206,50,Good
6/18/24,Middle Bay,N25'39.818 W80'12.523,N25'40.964 W80'12.375,9-12 ft.,Drumline,Ginglymostoma cirratum,M,UM00075,105,119,149,40,Good
6/18/24,Middle Bay,N25'39.818 W80'12.523,N25'40.964 W80'12.375,9-12 ft.,Drumline,Ginglymostoma cirratum,M,UM00177,172,192,240,73,Good
6/15/24,Captain Henry's,N25'43.958 W80'05.188,N25'42.453 W80'05.185,70-100 ft.,Drumline,Ginglymostoma cirratum,M,UM00176,130,150,189,50,Good
6/15/24,Captain Henry's,N25'44.085 W80'05.178,N25'43.132 W80'05.194,70-100 ft.,Drumline,Ginglymostoma cirratum,M,UM00175,156,173,220,57,Good
6/15/24,Captain Henry's,N25'44.085 W80'05.178,N25'42.952 W80'05.194,70-100 ft.,Drumline,Ginglymostoma cirratum,M,UM00174,185,213,252,67,Good-Fair
6/14/24,BNP Green Line,N25'39.307 W80'11.267,N25'38.385 W80'11.680,9-16 ft.,Drumline,Ginglymostoma cirratum,M,UM00172,185,195,247,74,Good
6/7/24,Sandbar Palace,N25'49.526 W80'05.187,N25'48.187 W80'05.082,70-90 ft.,Drumline,Ginglymostoma cirratum,M,UM00171,136,152,194,48,Good
6/7/24,Sandbar Palace,N25'49.526 W80'05.187,N25'48.187 W80'05.082,70-90 ft.,Drumline,Ginglymostoma cirratum,M,UM00170,170,189,237,73,Good
6/7/24,Sandbar Palace,N25'49.526 W80'05.187,N25'48.187 W80'05.082,70-90 ft.,Drumline,Ginglymostoma cirratum,F,UM00169,170,188,239,64,Good
6/6/24,Captain Henry's,N25'44.023 W80'05.184,N25'43.207 W80'05.147,80-95 ft.,Drumline,Ginglymostoma cirratum,F,UM00165,155,173,218,60,Good
6/6/24,Captain Henry's,N25'44.023 W80'05.184,N25'43.461 W80'05.187,80-95 ft.,Drumline,Ginglymostoma cirratum,M,UM00167,161,187,223,64,Good
6/6/24,Captain Henry's,N25'44.023 W80'05.184,N25'43.461 W80'05.187,80-95 ft.,Drumline,Ginglymostoma cirratum,M,UM00166,172,186,237,71,Good
6/5/24,Deering Estate,N25'37.069 W80'15.981,N25'37.067 W80'15.870,8-10 ft.,Longline,Ginglymostoma cirratum,M,UM00163,86,98,123,30,Good
6/5/24,Deering Estate,N25'37.039 W80'15.823,N25'37.081 W80'15.716,8-10 ft.,Longline,Ginglymostoma cirratum,F,UM00164,102,112,142,34,Good
6/3/24,BNP Green Line,N25'39.165 W80'11.497,N25'39.168 W80'11.383,12-16 ft. ,Longline,Ginglymostoma cirratum,M,UM00162,132,160,199,56,Good
5/28/24,Captain Henry's,N25'44.130 W80'05.191,N25'42.893 W80'05.139,70-90 ft.,Drumline,Ginglymostoma cirratum,M,UM00160,164,186,233,70,Good
5/28/24,Captain Henry's,N25'44.130 W80'05.191,N25'42.893 W80'05.139,70-90 ft.,Drumline,Ginglymostoma cirratum,M,UM00159,181,203,240,71,Good
5/28/24,Captain Henry's,N25'44.130 W80'05.191,N25'42.893 W80'05.139,70-90 ft.,Drumline,Ginglymostoma cirratum,M,UM00161,166,187,240,75,Good
5/28/24,Captain Henry's,N25'42.774 W80'05.180,,70-90 ft.,Drumline,Ginglymostoma cirratum,M,UM00155,175,199,246,70,Good
5/28/24,Captain Henry's,N25'42.893 W80'05.139,,70-90 ft.,Drumline,Ginglymostoma cirratum,F,UM00156,183,203,253,72,Good
5/27/24,Deering Estate,N25'37.166 W80'15.446,N25'37.088 W80'15.378,8-12 ft.,Longline,Ginglymostoma cirratum,M,FS1117,53,61,74,21,Good
5/26/24,Middle Bay,N25'40.208 W80'12.393,N25'40.108 W80'12.392,10-13 ft.,Longline,Ginglymostoma cirratum,M,FS1116,75,86,106,28,Fair
5/25/24,Sandbar Palace,N25'50.235 W80'05.179,N25'49.063 W80'05.250,65-80 ft.,Drumline,Ginglymostoma cirratum,M,UM00157,171,189,235,65,Good
5/25/24,Sandbar Palace,N25'50.235 W80'05.179,N25'49.063 W80'05.250,65-80 ft.,Drumline,Ginglymostoma cirratum,F,UM00158,167,187,237,60,Good
5/24/24,Aisle 9,N25'40.703 W80'11.202,N25'40.700 W80'11.049,8-12 ft.,Longline,Ginglymostoma cirratum,M,FS1110,59,66,80,20,Fair
5/24/24,Aisle 9,N25'40.798 W80'11.271,N25'40.808 W80'11.159,8-12 ft.,Longline,Ginglymostoma cirratum,M,FS1105,67,75,92,24,Fair
5/15/24,Cape Florida Channel,N25'40.216 W80'10.738,N25'39.723 W80'09.534,7-20 ft.,Drumline,Ginglymostoma cirratum,F,UM00035,94,106,133,36,Good
5/15/24,Cape Florida Channel,N25'40.216 W80'10.738,N25'39.723 W80'09.534,7-20 ft.,Drumline,Ginglymostoma cirratum,M,UM00154,133,156,195,55,Good
5/13/24,BNP Green Line,N25'38.999 W80'11.700,N25'38.935 W80'11.611,12-15 ft.,Longline,Ginglymostoma cirratum,M,UM00153,85,103,119,30,Good
5/12/24,Deering Estate,N25'38.104 W80'14.507,N25'37.607 W80'15.515,10-12 ft.,Drumline,Ginglymostoma cirratum,F,UM00152,166,197,227,72,Good
5/12/24,Deering Estate,N25'38.104 W80'14.507,N25'37.607 W80'15.515,10-12 ft.,Drumline,Ginglymostoma cirratum,F,UM00151,175,195,235,66,Good
5/10/24,Bear Cut Channel,N25'42.850 W80'10.488,N25'43.712 W80'09.711,8-15 ft.,Drumline,Ginglymostoma cirratum,F,FS0932,100,113,139,40,Good
5/7/24,Middle Bay,N25'39.950 W80'12.675,N25'38.920 W80'12.663,13-15 ft.,Drumline,Ginglymostoma cirratum,F,UM00150,106,115,149,40,Good
5/7/24,Middle Bay,N25'39.950 W80'12.675,N25'38.920 W80'12.663,13-15 ft.,Drumline,Ginglymostoma cirratum,F,UM00149,177,194,240,73,Good
5/5/24,Ragged Keys West,N'25.32.032 W80'11.792,N25'31.972 W80'12.304,5-8 ft.,Drumline,Ginglymostoma cirratum,M,UM00147,157,179,221,60,Good
5/5/24,Ragged Keys West,N'25.32.032 W80'11.792,N25'31.972 W80'12.304,5-8 ft.,Drumline,Ginglymostoma cirratum,M,UM00146,169,192,237,72,Good
5/5/24,Ragged Keys West,N'25.32.032 W80'11.792,N25'31.972 W80'12.304,5-8 ft.,Drumline,Ginglymostoma cirratum,M,UM00148,180,201,247,79,Good
5/4/24,BNP Green Line,N25'39.144 W80'11.330,N25'38.455 W80'11.854,8-12 ft.,Drumline,Ginglymostoma cirratum,M,UM00145,150,172,214,56,Good
5/4/24,BNP Green Line,N25'39.144 W80'11.330,N25'38.455 W80'11.854,8-12 ft.,Drumline,Ginglymostoma cirratum,M,UM00144,198,207,248,78,Good
4/27/24,BNP Green Line,N25'38.26 W80'11.31,N25'37.23 W80'11.22,20-25 ft.,Drumline,Ginglymostoma cirratum,F,UM00084,143,159,203,55,Good
4/27/24,BNP Green Line,N25'38.26 W80'11.31,N25'37.23 W80'11.22,20-25 ft.,Drumline,Ginglymostoma cirratum,M,UM00085,147,169,208,52,Good
4/21/24,Middle Bay,N25'39.604 W80'12.707,N25'39.506 W80'12.661,12-15 ft.,Longline,Ginglymostoma cirratum,M,UM00143,168,196,244,70,Good
4/20/24,Captain Henry's,N25'44.060 W80'05.195,N25'43.143 W80'05.268,65-80 ft.,Drumline,Ginglymostoma cirratum,F,409871,178,202,250,68,Good
4/20/24,Captain Henry's,N25'44.060 W80'05.195,N25'43.255 W80'05.267,65-80 ft.,Drumline,Ginglymostoma cirratum,F,UM00142,180,206,251,80,Good
4/12/24,Soldier Key,N25'35.157 W80'11.473,N25'36.464 W80'11.505,7-12 ft. ,Drumline,Ginglymostoma cirratum,F,UM00138,147,165,208,62,Good
4/12/24,Soldier Key,N25'35.157 W80'11.473,N25'36.464 W80'11.505,7-12 ft. ,Drumline,Ginglymostoma cirratum,M,UM00141,149,169,217,61,Good
4/12/24,Soldier Key,N25'35.157 W80'11.473,N25'36.464 W80'11.505,7-12 ft. ,Drumline,Ginglymostoma cirratum,F,UM00140,172,183,230.5,73,Good
4/12/24,Soldier Key,N25'35.157 W80'11.473,N25'36.464 W80'11.505,7-12 ft. ,Drumline,Ginglymostoma cirratum,F,RJD0727,183,201,247,76,Good
4/8/24,BNP Green Line,N25'39.254 W80'11.413,N25'38.071 W80'11.732,10-13 ft.,Drumline,Ginglymostoma cirratum,M,P011043,148,168,211,51,Good
4/8/24,BNP Green Line,N25'39.254 W80'11.413,N25'38.071 W80'11.732,10-13 ft.,Drumline,Ginglymostoma cirratum,F,UM00137,158,199,223,61,Good
4/7/24,BNP Green Line,N25'38.867 W80'11.618,N25'38.421 W80'11.876,10-15 ft.,Drumline,Ginglymostoma cirratum,F,UM00136,182,201,253,80,Good
4/6/24,Sandbar Palace,N25'48.997 W80'05.174,N25'50.381 W80'05.185,75-90 ft.,Drumline,Ginglymostoma cirratum,F,UM00135,147,170,209,58,Good
4/6/24,Sandbar Palace,N25'48.997 W80'05.174,N25'50.381 W80'05.185,75-90 ft.,Drumline,Ginglymostoma cirratum,M,UM00133,175,195,243,73,Good
4/6/24,Sandbar Palace,N25'48.997 W80'05.174,N25'50.381 W80'05.185,75-90 ft.,Drumline,Ginglymostoma cirratum,F,UM00134,175,196,248,72,Good
4/1/24,BNP Green Line,N25'36.898 W80'11.591,N25'35.938 W80'11.405,10-13 ft.,Drumline,Ginglymostoma cirratum,M,UM00131,112,132,164,45,Good
4/1/24,BNP Green Line,N25'36.898 W80'11.591,N25'35.938 W80'11.405,10-13 ft.,Drumline,Ginglymostoma cirratum,F,UM00132,186,204,252,87,Good
3/20/24,Middle Bay,N25'38.433 W80'12.565,N25'38.492 W80'12.351,8-12 ft.,Drumline,Ginglymostoma cirratum,M,UM00130,167,190,239,63,Good
3/18/24,BNP Green Line,N25'39.232 W80'11.391,N25'38.506 W80'11.712,7-15 ft.,Drumline,Ginglymostoma cirratum,M,UM00129,165,190,234,78,Good
3/18/24,BNP Green Line,N25'39.232 W80'11.391,N25'38.506 W80'11.712,7-15 ft.,Drumline,Ginglymostoma cirratum,F,416398,190,212,265,88,Good
3/14/24,Deering Estate,N25'37.863 W80'15.833,N25'37.885 W80'15.726,8-10 ft.,Longline,Ginglymostoma cirratum,M,FS1009,43,47,57,17,Good
3/14/24,Deering Estate,N25'37.918 W80'15.595,N25'37.945 W80'15.531,8-10 ft.,Longline,Ginglymostoma cirratum,M,UM0025,45,53,65,19,Good
3/13/24,Captain Henry's,N25'44.373 W80'05.243,N25'43.307 W80'05.186,65-95 ft.,Drumline,Ginglymostoma cirratum,M,UM00128,156,180,231,65,Good
3/13/24,Captain Henry's,N25'44.373 W80'05.243,N25'43.307 W80'05.186,65-95 ft.,Drumline,Ginglymostoma cirratum,F,UM00127,178,201,250,75,Good
3/13/24,Captain Henry's,N25'44.373 W80'05.243,N25'43.307 W80'05.186,65-95 ft.,Drumline,Ginglymostoma cirratum,M,UM00126,182,205,256,74,Good
3/8/24,Captain Henry's,N25'44.059 W80'05.209,N25'43.071 W80'05.146,75-100 ft.,Drumline,Ginglymostoma cirratum,M,UM00124,185,206,263,78,Good
2/29/24,Rookery Island,N25'72.311 W80'15.980,,2-5 ft. ,Rod and Reel,Ginglymostoma cirratum,M,FS0508,70,80,97,30,Fair
2/29/24,Rookery Island,N25'72.311 W80'15.980,,2-5 ft. ,Rod and Reel,Ginglymostoma cirratum,M,FS0507,74,84,104,26,Good
2/29/24,Rookery Island,N25'72.311 W80'15.980,,2-5 ft. ,Rod and Reel,Ginglymostoma cirratum,M,FS0509,79,84,107,31,Fair
2/13/24,Fisher Island Jetty,N25'76.131 W80'13.244,N25'76.075 W80'13.075,10-16 ft.,Longline,Ginglymostoma cirratum,F,FS0887,87,97,121,35,Good
2/11/24,BNP Green Line,N25'39.156 W80'11.342,N25'38.218 W80'11.709,12-17 ft.,Drumline,Ginglymostoma cirratum,F,UM00107,72,84,92,28,Good
1/19/24,Captain Henry's,N25'44.022 W80'05.179,N25'43.441 W80'05.190,77-87 ft.,Drumline,Ginglymostoma cirratum,F,UM00122,173,194,237,81,Good
1/19/24,Captain Henry's,N25'44.022 W80'05.179,N25'43.082 W80'05.186,77-87 ft.,Drumline,Ginglymostoma cirratum,M,UM00120,170,189,239,72,Good
1/19/24,Captain Henry's,N25'44.022 W80'05.179,N25'43.082 W80'05.186,77-87 ft.,Drumline,Ginglymostoma cirratum,M,UM00121,190,206,253,77,Good
1/18/24,Middle Bay,N25'39.795 W80'12.291,N25'38.792 W80'12.206,10-12 ft.,Drumline,Ginglymostoma cirratum,M,UM00109,178,205,256,80,Good
12/1/23,BNP Green Line,N25'63.909 W80'19.264,N15'62.449 W80'19.190,10-13 ft.,Drumline,Ginglymostoma cirratum,F,UM00081,159,179,228,67,Good
11/18/23,East Key Biscayne,N25'40.909 W80'08.644,N25'41.723 W80'08.636,13-17 ft. ,Drumline,Ginglymostoma cirratum,F,UM00108,172,194,238,67,Good
11/13/23,BNP Green Line,N25'37.210 W80'11.511,N25'37.988 W80'11.735,10-15 ft. ,Drumline,Ginglymostoma cirratum,F,UM00106,166,185,232,60,Good
11/11/23,BNP Green Line,N25'38.193 W80'11.686,N25'37.248 W80'11.607,10-15 ft.,Hand capture,Ginglymostoma cirratum,M,Destroyer,21,24,27.5,9.5,
11/11/23,BNP Green Line,N25'38.193 W80'11.686,N25'37.248 W80'11.607,10-15 ft.,Drumline,Ginglymostoma cirratum,F,UM00104,151,168,212,57,Good
11/11/23,BNP Green Line,N25'38.193 W80'11.686,N25'37.248 W80'11.607,10-15 ft.,Drumline,Ginglymostoma cirratum,F,UM00102,162,189,239,73,Good
11/11/23,BNP Green Line,N25'38.193 W80'11.686,N25'37.248 W80'11.607,10-15 ft.,Drumline,Ginglymostoma cirratum,F,UM00103,175,199,247,78,Fair
11/8/23,Rookery Island,N25'72.273 W80'15.987,,4-6 ft.,Rod and Reel,Ginglymostoma cirratum,M,FS0806,78,86,107,27,Good
11/8/23,Rookery Island,N25'72.273 W80'15.987,,4-6 ft.,Rod and Reel,Ginglymostoma cirratum,F,FS0805,78,92,112,,Good
11/8/23,Rookery Island,N25'72.273 W80'15.987,,4-6 ft.,Rod and Reel,Ginglymostoma cirratum,M,FS0804,85,98,120,35,Good
11/8/23,Rookery Island,N25'72.273 W80'15.987,,4-6 ft.,Rod and Reel,Ginglymostoma cirratum,F,FS0593,91,103,129,32,Good
11/8/23,Rookery Island,N25'72.273 W80'15.987,,4-6 ft.,Rod and Reel,Ginglymostoma cirratum,F,FS0599,94,104,133,,Good
11/7/23,Rookery Island,N25'43.21 W80'09.37,,3-4 ft.,Rod and Reel,Ginglymostoma cirratum,F,FS0808,75,84,105,23,Good
11/7/23,Rookery Island,N25'43.21 W80'09.37,,3-4 ft.,Rod and Reel,Ginglymostoma cirratum,F,FS0805,96,101,142,38,Good
11/5/23,Safety Valve East,N25'62.511 W80'14.726,N25'59.598 W80'14.591,10-14 ft.,Drumline,Ginglymostoma cirratum,F,N416417,155,180,224,63,Good
11/5/23,Safety Valve East,N25'62.511 W80'14.726,N25'59.598 W80'14.591,10-14 ft.,Drumline,Ginglymostoma cirratum,F,416419,177,199,250,76,Good
10/28/23,Key Biscayne Yacht Club,N25'41.896 W80'10.759,N25'41.956  W80'10.670,8-10 ft.,Longline,Ginglymostoma cirratum,F,FS0862,55,61,75,20,Good
10/22/23,Sandbar Palace,N25'49.067 W80'05.181,N25'50.144 W80'05.180,72-83 ft.,Drumline,Ginglymostoma cirratum,M,UM00101,171,187,235,70,Good
10/16/23,BNP Green Line,N25'38.387 W80'11.706,N25'39.337 W80'11.272,10-15 ft.,Drumline,Ginglymostoma cirratum,F,UM00074,84,100,121,33,Good
10/16/23,BNP Green Line,N25'39.210 W80'11.549,N25'39.123 W80'11.484,12-16 ft.,Longline,Ginglymostoma cirratum,M,UM00075,104,112.5,142,36,Good
10/14/23,Hawks Channel,N25'63.791 W80'15.345,N25'61.839 W80'15.422,8-12 ft.,Drumline,Ginglymostoma cirratum,M,UM00073,147,172,215,60,Good
10/7/23,Sandbar Palace,N25'50.343 W80'05.385,N25'49.291 W80'05.172,55-85 ft.,Drumline,Ginglymostoma cirratum,M,UM00072,107,120,150,42,Good
10/6/23,BNP Green Line,N25'38.111 W80'11.649,N25'37.334 W80'11.337,7-11 ft.,Drumline,Ginglymostoma cirratum,M,UM00071,138,154,194,52,Good
9/30/23,BNP Green Line,N25'38.440 W80'11.764,N25'37.478 W80'11.981,10-12 ft.,Drumline,Ginglymostoma cirratum,F,FS0855,86,97,120,33,Good
9/29/23,BNP Green Line,N25'39.231 W80'11.354,N25'39.143 W80'11.389,10-15 ft.,Longline,Ginglymostoma cirratum,M,FS0777,87,92,125,35,Good
9/28/23,BNP Green Line,N25'64.838 W80'18.935,N25'62.893 W80'19.250,8-12 ft. ,Drumline,Ginglymostoma cirratum,F,UM00087,132,153,192,55,Good
9/28/23,BNP Green Line,N25'64.838 W80'18.935,N25'62.893 W80'19.250,8-12 ft. ,Drumline,Ginglymostoma cirratum,M,UM00077,141,158,202,50,Good
9/28/23,BNP Green Line,N25'64.838 W80'18.935,N25'62.893 W80'19.250,8-12 ft. ,Drumline,Ginglymostoma cirratum,M,UM00080,145,162,203,58,Good
9/28/23,BNP Green Line,N25'64.838 W80'18.935,N25'62.893 W80'19.250,8-12 ft. ,Drumline,Ginglymostoma cirratum,M,UM00076,135,160,204,59,Good
9/28/23,BNP Green Line,N25'64.838 W80'18.935,N25'62.893 W80'19.250,8-12 ft. ,Drumline,Ginglymostoma cirratum,F,409889,149,167,214,61,Good
9/28/23,BNP Green Line,N25'64.838 W80'18.935,N25'62.893 W80'19.250,8-12 ft. ,Drumline,Ginglymostoma cirratum,F,UM00078,172,192,243,65,Good
9/28/23,BNP Green Line,N25'64.838 W80'18.935,N25'62.893 W80'19.250,8-12 ft. ,Drumline,Ginglymostoma cirratum,F,UM00079,183,204,259,65,Good
9/16/23,Captain Henry's,N25'44.143 W80'05.170,N25'43.237 W80'05.267,90-100 ft. ,Drumline,Ginglymostoma cirratum,F,UM00067,140,158,198,50,Good
9/16/23,Captain Henry's,N25'44.143 W80'05.170,N25'43.237 W80'05.267,90-100 ft. ,Drumline,Ginglymostoma cirratum,F,UM00069,153,177,223,61,Good
9/16/23,Captain Henry's,N25'44.143 W80'05.170,N25'43.237 W80'05.267,90-100 ft. ,Drumline,Ginglymostoma cirratum,F,UM00068,170,192,237,74,Good
8/2/23,Bear Cut Channel,N25'43.713 W80'09.660,N25'43.060 W80'10.134,10-16 ft.,Drumline,Ginglymostoma cirratum,F,FS0696,95,108,135,38,Good
8/2/23,Bear Cut Channel,N25'43.713 W80'09.660,N25'43.060 W80'10.134,10-16 ft.,Drumline,Ginglymostoma cirratum,F,UM00066,124,142,179,45,Good
8/1/23,Bear Cut Channel,N25'43.555 W80'09.748,N25'42.914 W80'10.323,12-15 ft.,Drumline,Ginglymostoma cirratum,M,UM00063,131,144,182,53,Good
8/1/23,Bear Cut Channel,N25'43.555 W80'09.748,N25'42.914 W80'10.323,12-15 ft.,Drumline,Ginglymostoma cirratum,M,UM00064,132,149,190,51,Good
8/1/23,Seaquarium,N25'43.812 W80'09.650,,12-15 ft.,Drumline,Ginglymostoma cirratum,F,UM00062,136,150,189,54,Good
7/29/23,Bear Cut Channel,N25'42.846 W80'10.420,N25'43.630 W80'09.727,5-16 ft.,Drumline,Ginglymostoma cirratum,M,FS0534,89,104,128,32,Good
7/29/23,Bear Cut Channel,N25'43.709 W80'09.674,N25'43.673 W80'10.128,7-16 ft. ,Drumline,Ginglymostoma cirratum,F,UM00061,100,110,143,37,Good
7/24/23,Captain Henry's,N25'44.303 W80'05.202,N25'43.439 W80'05.210,78-88 ft. ,Drumline,Ginglymostoma cirratum,F,UM00060,163,185,235,78,Good
7/24/23,Captain Henry's,N25'44.303 W80'05.202,N25'43.439 W80'05.210,78-88 ft. ,Drumline,Ginglymostoma cirratum,M,UM00059,181,211,255,69,Good
7/20/23,Bear Cut Channel,N25'42.945 W80'10.475,N25'43.765 W80'09.657,8-18 ft.,Drumline,Ginglymostoma cirratum,F,FS0730,103,113,138,37,Good
7/20/23,Bear Cut Channel,N25'43.800 W80'09.651,N25'42.974 W80'10.250,8-18 ft. ,Drumline,Ginglymostoma cirratum,M,P009402,142,166,200,53,Good
7/19/23,Bear Cut Channel,N25'43.791 W80'09.645,N25'42.848 W80'10.448,8-16 ft. ,Drumline,Ginglymostoma cirratum,M,UM00058,113,130,158,43,Good
7/19/23,Bear Cut Channel,N25'43.791 W80'09.645,N25'42.848 W80'10.448,8-16 ft. ,Drumline,Ginglymostoma cirratum,F,UM00057,125,151,188,53,Good
7/19/23,Bear Cut Channel,N25'43.791 W80'09.645,N25'42.848 W80'10.448,8-16 ft. ,Drumline,Ginglymostoma cirratum,F,UM00056,142,162,205,57,Good
7/18/23,Bear Cut Channel,N25'43.766 W80'09.626,N25'42.843 W80'10.491,8-16 ft. ,Drumline,Ginglymostoma cirratum,M,UM00055,90,103,130,45,Good
7/18/23,Bear Cut Channel,N25'43.766 W80'09.626,N25'42.843 W80'10.491,8-16 ft. ,Drumline,Ginglymostoma cirratum,F,UM00053,104,120,148,45,Good
7/18/23,Bear Cut Channel,N25'43.698 W80'09.705,,8-16 ft. ,Drumline,Ginglymostoma cirratum,F,SS00542,125,144,179,49,Good
7/18/23,Bear Cut Channel,N25'43.766 W80'09.626,N25'42.843 W80'10.491,8-16 ft. ,Drumline,Ginglymostoma cirratum,M,UM00054,133,149,188,51,Good
7/11/23,Royal Reef West,N25'43.565 W80'06.371 ,N25'42.510 W80'06.335,20-27 ft.,Drumline,Ginglymostoma cirratum,M,UM00051,172,189,240,71,Good
7/11/23,Royal Reef West,N25'43.565 W80'06.371 ,N25'42.510 W80'06.335,20-27 ft.,Drumline,Ginglymostoma cirratum,M,UM00052,172,193,241,69,Good
7/9/23,East Crandon Beach,N25'41.617 W80'08.024,N25'41.519 W80'07.982,12-18 ft. ,Longline,Ginglymostoma cirratum,M,UM0004,180,201,250,63,Good
7/8/23,Sandbar Palace,N25'49.552 W80'05.215,N25'48.634 W80'05.266,50-70 ft.,Drumline,Ginglymostoma cirratum,F,SS00540,157,180,220,59,Good
7/8/23,Sandbar Palace,N25'49.552 W80'05.215,N25'48.634 W80'05.266,50-70 ft.,Drumline,Ginglymostoma cirratum,F,SS00539,170,186,234,73,Good
7/8/23,Sandbar Palace,N25'49.552 W80'05.215,N25'48.634 W80'05.266,50-70 ft.,Drumline,Ginglymostoma cirratum,M,SS00538,176,198,248,69,Good
7/7/23,Bear Cut Channel,N25'43.148 W80'10.325,N25'43.223 W80'10.248,9-15 ft.,Longline,Ginglymostoma cirratum,F,FS0846,55,64,77,20,Goood
7/7/23,Bear Cut Channel,N25'43.148 W80'10.325,N25'43.223 W80'10.248,9-15 ft.,Longline,Ginglymostoma cirratum,F,FS0847,60,67,82,20,Good
7/7/23,Bear Cut Channel,,,9-15 ft.,Longline,Ginglymostoma cirratum,M,FS0459,68,76,96,26,Good
7/7/23,Bear Cut Channel,N25'43.459 W80'09.914,N25'43.520 W80'09.836,9-15 ft.,Longline,Ginglymostoma cirratum,F,FS0849,68,81,97,27,Good
7/7/23,Bear Cut Channel,N25'43.459 W80'09.914,N25'43.520 W80'09.836,9-15 ft.,Longline,Ginglymostoma cirratum,F,FS0848,80,90,110,30,Good
7/7/23,Bear Cut Channel,,,9-15 ft.,Longline,Ginglymostoma cirratum,F,SS00537,136,153,190,55,Good
7/7/23,RJ's Ledge,N25'43.373 W80'05.912,N25'42.927 W80'05.969,25-30 ft.,Drumline,Ginglymostoma cirratum,M,UM00049,169,189,243,63,Good
7/7/23,RJ's Ledge,N25'43.373 W80'05.912,N25'42.927 W80'05.969,25-30 ft.,Drumline,Ginglymostoma cirratum,F,UM00050,187,208,262,68,Good
7/6/23,Key Biscayne Reefs,N25'40.708 W80'06.021,N25'40.113 W80'05.928,25-28 ft.,Drumline,Ginglymostoma cirratum,M,UM00047,163,189,234,60,Good
7/5/23,Key Biscayne Reefs,N25'42.801 W80'05.977,N25'42.757 W80'05.912,20-30 ft.,Drumline,Ginglymostoma cirratum,M,FS0845,90,99,125,32,Good
7/5/23,Key Biscayne Reefs,N25'42.801 W80'05.977,N25'42.077 W80'05.995,20-30 ft.,Drumline,Ginglymostoma cirratum,F,SS00532,147,166,209,50,Good
7/5/23,Key Biscayne Reefs,N25'42.801 W80'05.977,N25'42.077 W80'05.995,20-30 ft.,Drumline,Ginglymostoma cirratum,F,SS00531,156,180,230,60,Good
7/5/23,Key Biscayne Reefs,N25'42.801 W80'05.977,N25'42.077 W80'05.995,20-30 ft.,Drumline,Ginglymostoma cirratum,M,SS00533,170,191,246,63,Good
7/5/23,Key Biscayne Reefs,N25'42.801 W80'05.977,N25'42.077 W80'05.995,20-30 ft.,Drumline,Ginglymostoma cirratum,F,398402,186,207,266,68,Good
7/1/23,Aisle 9,N25'40.830 W80'10.990,N25'40.725 W80'11.010,10-12 ft.,Longline,Ginglymostoma cirratum,M,UM00042,170,191,239,66,Good
6/22/23,Western BNP Boundary,N25'37.868 W80'12.813,N25'37.023 W80'12.934,10-12 ft. ,Drumline,Ginglymostoma cirratum,M,SS00524,155,182,231,66,Good
6/22/23,Western BNP Boundary,N25'37.868 W80'12.813,N25'37.023 W80'12.934,10-12 ft. ,Drumline,Ginglymostoma cirratum,M,SS00525,166,199,239,61,Good
6/21/23,Cape Florida Channel,N25'39.882 W80'09.859,N25'39.475 W80'09.271,,Drumline,Ginglymostoma cirratum,F,SS00522,157,172,219,60,Good
6/19/23,Cape Florida Channel,N25'39.402 W80'09.266,N25'40.129 W80'10.563,8-17 ft. ,Drumline,Ginglymostoma cirratum,F,UM00035,82,90,116,30,
6/19/23,Cape Florida Channel,N25'39.402 W80'09.266,N25'40.129 W80'10.563,8-17 ft. ,Drumline,Ginglymostoma cirratum,M,UM00034,155,184,231,63,Good
6/15/23,Aisle 9,N25'40.877 W80'11.079,N25'40.775 W80'11.094,10-12 ft.,Longline,Ginglymostoma cirratum,M,UM00020,180,199,252,73,Good
6/13/23,One Timer,N25'47.650 W80'06.906,N25'47.619 W80'06.796,15-18 ft.,Longline,Ginglymostoma cirratum,M,UM00021,171,192,242,68,Good
6/11/23,One Timer,N25'39.921 W80'05.197,N25'38.789 W80'05.326,60-90 ft.,Drumline,Ginglymostoma cirratum,F,SS00513,155,167,212,58,Good
6/11/23,One Timer,N25'39.921 W80'05.197,N25'38.789 W80'05.326,60-90 ft.,Drumline,Ginglymostoma cirratum,M,SS00512,168,185,233,67,Good
6/7/23,Sandbar Palace,N25'48.811 W80'05.077,N25'49.593 W80'05.135,98-110 ft.,Drumline,Ginglymostoma cirratum,M,SS00511,170,191,240,74,Good
6/3/23,Captain Henry's ,N25'42.860 W80'05.234,N25'44.176 W80'05.239,60-80 ft.,Drumline,Ginglymostoma cirratum,M,UM00018,181,199,249,77,Good
6/3/23,Captain Henry's ,N25'42.860 W80'05.234,,60-80 ft.,Drumline,Ginglymostoma cirratum,M,UM00024,175,199,251,77,Good
6/2/23,Bear Cut Channel,N25'43.579 W80'09.734,N25'43.512 W80'09.814,10-15 ft.,Longline,Ginglymostoma cirratum,F,FS0971,59,68,83,23,Good
6/1/23,Cape Florida Channel,N25'39.504 W80'08.766,N25'39.986 W80'09.913,8-17 ft.,Drumline,Ginglymostoma cirratum,M,FS0970,140,163,204,58,Good
6/1/23,Cape Florida Channel,N25'39.504 W80'08.766,N25'39.986 W80'09.913,8-17 ft.,Drumline,Ginglymostoma cirratum,M,409854,171,190,238,82,Good
6/1/23,Cape Florida Channel,N25'39.504 W80'08.766,N25'39.986 W80'09.913,8-17 ft.,Drumline,Ginglymostoma cirratum,M,UM00017,167,188,239,70,Good
6/1/23,Cape Florida Channel,N25'39.504 W80'08.766,N25'39.986 W80'09.913,8-17 ft.,Drumline,Ginglymostoma cirratum,M,393633,173,197,246,73,Good
5/28/23,Aisle 9,N25'40.566 W80'11.087,,10-12 ft.,Drumline,Ginglymostoma cirratum,M,UM00023,169,190,235,74,Good
5/24/23,Sandbar Palace,N25'49.601 W80'05.261,N25'48.737 W80'05.207,60-75 ft.,Drumline,Ginglymostoma cirratum,F,UM00015,168,187,238,77,Good
5/24/23,Sandbar Palace,N25'49.601 W80'05.261,N25'48.737 W80'05.207,60-75 ft.,Drumline,Ginglymostoma cirratum,M,UM00012,170,195,238,70,Good
5/24/23,Sandbar Palace,N25'49.601 W80'05.261,N25'48.737 W80'05.207,60-75 ft.,Drumline,Ginglymostoma cirratum,M,UM00014,169,193,241,71,Good
5/24/23,Sandbar Palace,N25'49.601 W80'05.261,N25'48.737 W80'05.207,60-75 ft.,Drumline,Ginglymostoma cirratum,M,UM00011,170,191,244,66,Good
5/24/23,Sandbar Palace,N25'49.601 W80'05.261,N25'48.737 W80'05.207,60-75 ft.,Drumline,Ginglymostoma cirratum,M,UM00013,183,208,257,75,Good
5/23/23,Hawks Channel North,N25'43.911 W80'06.861,N25'42.888 W80'06.863,20-24 ft.,Drumline,Ginglymostoma cirratum,M,UM00010,172,187,243,68,Good
5/20/23,Hawks Channel North,N25'39.913 W80'08.092,N25'39.324 W80'07.670,15-27 ft. ,Drumline,Ginglymostoma cirratum,F,UM00009,70,80,100,25,Good
5/20/23,Hawks Channel North,N25'39.913 W80'08.092,N25'39.162 W80'07.551,15-27 ft. ,Drumline,Ginglymostoma cirratum,M,UM00008,172,198,244,70,Good
5/18/23,Hawks Channel North,N25'39.648 W80'07.955,N25'39.568 W80'08.026,18-21 ft. ,Longline,Ginglymostoma cirratum,F,FS0954,60,71,82,19,Good
5/18/23,Hawks Channel North,N25'39.290 W80'08.026,N25'39.291 W80'08.131,12-18 ft.,Longline,Ginglymostoma cirratum,M,UM00005,77,88,107,28,Good
5/18/23,Hawks Channel North,N25'39.648 W80'07.955,N25'39.568 W80'08.026,18-21 ft. ,Longline,Ginglymostoma cirratum,M,FS0955,80,88,112,27,Good
5/18/23,Hawks Channel North,N25'39.152 W80'07.635,,19-24 ft.,Drumline,Ginglymostoma cirratum,F,UM00006,145,168,212,56,Good
5/16/23,Captain Henry's ,N25' 44.156 W80'05.192,N25'43.351 W80'05.218,75-85 ft. ,Drumline,Ginglymostoma cirratum,M,UM00003,150,168,210,49,Good
5/16/23,Captain Henry's ,N25' 44.156 W80'05.192,N25'43.212 W80'05.223,75-85 ft. ,Drumline,Ginglymostoma cirratum,M,UM00001,159,178,225,66,Good
5/16/23,Captain Henry's ,N25' 44.156 W80'05.192,N25'43.212 W80'05.223,75-85 ft. ,Drumline,Ginglymostoma cirratum,M,UM00002,160,180,230,70,Good
5/16/23,Captain Henry's ,N25' 44.156 W80'05.192,N25'43.351 W80'05.218,75-85 ft. ,Drumline,Ginglymostoma cirratum,M,UM00004,188,212,252,82,Good
5/7/23,Bear Cut Channel,N25'43.562 W80'09.763,N25'42.750 W80'10.708,8-15 ft.,Drumline,Ginglymostoma cirratum,M,FS0931,53,61,75,20,Good
5/7/23,Bear Cut Channel,N25'43.562 W80'09.763,N25'42.750 W80'10.708,8-15 ft.,Drumline,Ginglymostoma cirratum,F,FS0932,90,107,130,32,Good
5/7/23,Bear Cut Channel,N25'43.562 W80'09.763,N25'42.750 W80'10.708,8-15 ft.,Drumline,Ginglymostoma cirratum,F,FS0323,111,128,158,42,Good
5/7/23,Bear Cut Channel,N25'43.562 W80'09.763,N25'42.750 W80'10.708,8-15 ft.,Drumline,Ginglymostoma cirratum,F,FS0930,150,177,220,57,Good
5/6/23,Cape Florida Channel,N25'40.182 W80'10.610,N25'39.734 W80'09.378,10-17 ft.,Drumline,Ginglymostoma cirratum,F,FS0927,186,208,259,81,Good
5/5/23,Captain Henry's,N25'44.236 W80'05.208,N25'43.388 W80'05.226,75-85 ft.,Drumline,Ginglymostoma cirratum,M,FS0921,173,194,242,70,Good
5/5/23,Captain Henry's,N25'44.236 W80'05.208,N25'43.388 W80'05.226,75-85 ft.,Drumline,Ginglymostoma cirratum,M,FS0922,180,199,248,73,Good
5/2/23,Captain Henry's,N25'44.542 W80'05.201,N25'43.757 W80'05.195,80-90 ft.,Drumline,Ginglymostoma cirratum,F,FS0916,150,171,210,60,Good
5/2/23,Captain Henry's,N25'44.542 W80'05.201,N25'43.757 W80'05.195,80-90 ft.,Drumline,Ginglymostoma cirratum,M,FS0918,172,192,236,76,Good
5/2/23,Captain Henry's,N25'44.542 W80'05.201,N25'43.757 W80'05.195,80-90 ft.,Drumline,Ginglymostoma cirratum,M,FS0919,170,192,238,74,Good
5/2/23,Captain Henry's,N25'44.542 W80'05.201,N25'43.757 W80'05.195,80-90 ft.,Drumline,Ginglymostoma cirratum,M,FS0915,181,202,253,75,Good
5/2/23,Captain Henry's,N25'44.419 W80'05.198,N25'43.950 W80'05.194,80-90 ft.,Drumline,Ginglymostoma cirratum,M,FS0908,185,208,261,76,Good
4/23/23,Hawks Channel North,N25'39.500 W80'07.396,N25'40.216 W80'08.073,15-28 ft.,Drumline,Ginglymostoma cirratum,M,FS0903,63,70,87,22,Good
4/23/23,Hawks Channel North,N25'39.500 W80'07.396,N25'40.216 W80'08.073,15-28 ft.,Drumline,Ginglymostoma cirratum,F,FS0904,142,158,199,53,Good
4/23/23,Hawks Channel North,N25'39.500 W80'07.396,N25'40.216 W80'08.073,15-28 ft.,Drumline,Ginglymostoma cirratum,M,FS0902,182,202,247,70,Good
4/22/23,Hawks Channel North,N25'40.230 W80'07.868,N25'39.382 W80'07.836,15-23 ft.,Drumline,Ginglymostoma cirratum,F,FS0901,80,93,115,33,Good
4/22/23,Hawks Channel North,N25'40.230 W80'07.868,N25'39.382 W80'07.836,15-23 ft.,Drumline,Ginglymostoma cirratum,M,393585,164,183,232,63,Good
4/21/23,Bear Cut Shoal West,N25'44.110 W80'10.372,N25'43.226 W80'10.784,8-12 ft.,Drumline,Ginglymostoma cirratum,F,FS0835,80,91,111,34,Good
4/19/23,Bear Cut Channel,N25'43.745 W80'09.612,N25'42.742 W80'10.720,8-17 ft. ,Drumline,Ginglymostoma cirratum,F,SS00068,160,179,218,60,Good
4/15/23,Hawks Channel North,N25'40.082 W80'07.825,,18-25 ft. ,Drumline,Ginglymostoma cirratum,F,FS0832,155,174,220,61,Good
4/14/23,Hawks Channel North,N25'39.845 W80'07.901,N25'38.870 W80'07.606,18-25 ft. ,Drumline,Ginglymostoma cirratum,F,SS00120,168,192,235,83,Good
4/14/23,Hawks Channel North,N25'39.845 W80'07.901,N25'38.870 W80'07.606,18-25 ft. ,Drumline,Ginglymostoma cirratum,M,SS00122,179,200,248,77,Good
4/9/23,Captain Henry's,N25'44.343 W80'05.219,N25'43.681 W80'05.224,70-80 ft.,Drumline,Ginglymostoma cirratum,F,FS0825,100,118,147,37,Good
4/9/23,Captain Henry's,N25'44.343 W80'05.219,N25'43.681 W80'05.224,70-80 ft.,Drumline,Ginglymostoma cirratum,F,SS00117,159,179,225,62,Good
4/9/23,Captain Henry's,N25'44.343 W80'05.219,N25'43.681 W80'05.224,70-80 ft.,Drumline,Ginglymostoma cirratum,M,SS00118,175,201,250,74,Good
4/9/23,Captain Henry's,N25'44.343 W80'05.219,N25'43.681 W80'05.224,70-80 ft.,Drumline,Ginglymostoma cirratum,F,SS00123,191,208,255,69,Good
4/9/23,Captain Henry's,N25'44.343 W80'05.219,N25'43.681 W80'05.224,70-80 ft.,Drumline,Ginglymostoma cirratum,F,SS00124,201,212,261,81,Good
4/9/23,Captain Henry's,N25'44.343 W80'05.219,N25'43.681 W80'05.224,70-80 ft.,Drumline,Ginglymostoma cirratum,M,SS00119,187,210,262,75,Good
4/7/23,Bear Cut Channel,N25'43.784 W80'09.673,N25'42.747 W80'10.703,12-15 ft. ,Drumline,Ginglymostoma cirratum,F,SS00083,148,160,205,50,Good
4/7/23,Bear Cut Channel,N25'43.784 W80'09.673,N25'42.747 W80'10.703,12-15 ft. ,Drumline,Ginglymostoma cirratum,F,SS00115,180,200,250,70,Good
4/5/23,Bear Cut Channel,N25'43.755 W80'09.635,,8-16 ft. ,Drumline,Ginglymostoma cirratum,M,SS00113,138,156.5,194,48,Good
4/2/23,Captain Henry's,N25'44.263 W80'05.226,N25'42.996 W80'05.193,70-90 ft.,Drumline,Ginglymostoma cirratum,M,SS00110,177,195,245,85,Good
4/2/23,Captain Henry's,N25'44.263 W80'05.226,N25'42.996 W80'05.193,70-90 ft.,Drumline,Ginglymostoma cirratum,F,SS00103,170,192,246,60,Good
4/2/23,Captain Henry's,N25'44.263 W80'05.226,N25'42.996 W80'05.193,70-90 ft.,Drumline,Ginglymostoma cirratum,M,SS00111,177,199,251,78,Good
4/2/23,Captain Henry's,N25'44.263 W80'05.226,N25'42.996 W80'05.193,70-90 ft.,Drumline,Ginglymostoma cirratum,F,SS00104,179,206,255,68,Good
4/2/23,Captain Henry's,N25'44.263 W80'05.226,N25'42.996 W80'05.193,70-90 ft.,Drumline,Ginglymostoma cirratum,M,SS00098,180,200,255,80,Good
3/31/23,Bear Cut Channel,N25'43.776 W80'09.660,,8-15 ft. ,Drumline,Ginglymostoma cirratum,F,SS00100,130,146,186,46,Good
3/29/23,Hawks Channel,N25'38.485 W80'07.942,N25'37.524 W80'07.267,15-22 ft. ,Drumline,Ginglymostoma cirratum,F,SS00075,167,198,225,68,Good
3/26/23,Cape Florida Channel,N25'39.576 W80'09.188,,8-15 ft.,Drumline,Ginglymostoma cirratum,F,FS0823,166,187,237,70,Good
3/22/23,Aisle 9,N25'40.776 W80'11.023,N25'40.737 W80'10.930,10-13 ft.,Longline,Ginglymostoma cirratum,M,FS0819,69,78,96,25,Good
3/19/23,Hawks Channel,N25'38.516 W80'08.095,N25'37.590 W80'07.360,15-20 ft.,Drumline,Ginglymostoma cirratum,F,395391,180,202,247,69,Good
3/19/23,Hawks Channel,N25'38.516 W80'08.095,N25'37.590 W80'07.360,15-20 ft.,Drumline,Ginglymostoma cirratum,F,SS00071,190,209,264,78,Good
3/15/23,Lemon Drop,N25'43.560 W80'10.718,N25'43.649 W80'10.692,12-20 ft. ,Longline,Ginglymostoma cirratum,M,FS0798,58,64,80,20,Good
3/15/23,Lemon Drop,N25'43.543 W80'10.696,N25'43.639 W80'10.640,12-20 ft. ,Longline,Ginglymostoma cirratum,F,FS0810,60,69,83,24,Good
3/15/23,Lemon Drop,N25'43.753 W80'10.727,N25'43.834 W80'10.659,12-20 ft. ,Longline,Ginglymostoma cirratum,M,FS0811,62,69,85,23,Good
3/15/23,Lemon Drop,N25'43.543 W80'10.696,N25'43.639 W80'10.640,12-20 ft. ,Longline,Ginglymostoma cirratum,F,SS00068,155,173,217,56,Good
3/14/23,Hawks Channel,N25'38.446 W80'08.065,N25'37.615 W80'07.525,15-20 ft.,Drumline,Ginglymostoma cirratum,F,SS00065,193,215,260,75,Good
3/14/23,Hawks Channel,N25'38.446 W80'08.065,N25'37.615 W80'07.525,15-20 ft.,Drumline,Ginglymostoma cirratum,F,SS00067,189,208,263,87,Good
3/13/23,BNP Green Line,N25'39.057 W80'11.385,N25'38.989 W80'11.461,11-15 ft. ,Longline,Ginglymostoma cirratum,F,P011030,175,198,243,70,Good
3/13/23,BNP Green Line,N25'38.680 W80'11.781,,11-15 ft. ,Drumline,Ginglymostoma cirratum,F,393529,186,207,257,85,Good
3/12/23,Virginia Key East,N25'45.187 W80'07.701,N25'44.406 W80'07.891,15-20 ft. ,Drumline,Ginglymostoma cirratum,M,SS00063,170,192,240,78,Good
3/12/23,Virginia Key East,N25'45.187 W80'07.701,N25'44.406 W80'07.891,15-20 ft. ,Drumline,Ginglymostoma cirratum,M,P011029,170,195,247,68,Good
3/6/23,Hawks Channel,N25'37.988 W80'07.584,N25'37.311 W80'07.527,15-20 ft.,Drumline,Ginglymostoma cirratum,F,SS00106,164,189,233,76,Good
3/6/23,Hawks Channel,N25'37.988 W80'07.584,N25'37.311 W80'07.527,15-20 ft.,Drumline,Ginglymostoma cirratum,M,RJD0012,164,189,237,63,Good
3/6/23,Hawks Channel,N25'37.988 W80'07.584,N25'37.311 W80'07.527,15-20 ft.,Drumline,Ginglymostoma cirratum,M,SS00108,170,190,242,73,Good
3/6/23,Hawks Channel,N25'37.988 W80'07.584,N25'37.311 W80'07.527,15-20 ft.,Drumline,Ginglymostoma cirratum,M,409193,177,196,247,72,Good
3/6/23,Hawks Channel,N25'37.988 W80'07.584,N25'37.311 W80'07.527,15-20 ft.,Drumline,Ginglymostoma cirratum,M,SS00107,181,211,253,79,Good
3/6/23,Hawks Channel,N25'37.988 W80'07.584,N25'37.311 W80'07.527,15-20 ft.,Drumline,Ginglymostoma cirratum,M,SS00059,176,199,254,74,Good
3/5/23,Hawks Channel,N25'38.446 W80'08.065,N25'37.564 W80'07.852,10-20 ft.,Drumline,Ginglymostoma cirratum,F,SS00060,169,185,231,62,Good
3/5/23,Hawks Channel,N25'38.446 W80'08.065,N25'37.564 W80'07.852,10-20 ft.,Drumline,Ginglymostoma cirratum,M,SS00059,189,203,263,72,Good
2/25/23,Captain Henry's ,N25'44.263 W80'05.225,N25'42.996 W80'05.193,40-90 ft.,Drumline,Ginglymostoma cirratum,M,SS00056,172,193,243,77,Good
2/25/23,Captain Henry's ,N25'44.263 W80'05.225,N25'42.996 W80'05.193,40-90 ft.,Drumline,Ginglymostoma cirratum,M,SS00057,172,198,244,80,Good
2/15/23,Hawks Channel,N25'38.723 W80'08.967,N25'38.321 W80'09.081,6-12 ft.,Drumline,Ginglymostoma cirratum,F,SS00112,173,195,247,69,Good
2/15/23,Hawks Channel,N25'38.723 W80'08.967,N25'38.321 W80'09.081,6-12 ft.,Drumline,Ginglymostoma cirratum,F,409837,178,200,248,70,Good
2/5/23,Lemon Drop,N25'43.206 W80'10.661,N25'43.325 W80'10.777,8-12 ft.,Longline,Ginglymostoma cirratum,F,FS0786,69,78,95,26,Good